filename,filesize,e_magic,e_lfanew,Machine,NumberOfSections,TimeDateStamp,Characteristics,AddressOfEntryPoint,ImageBase,SectionAlignment,FileAlignment,MajorOperatingSystemVersion,MajorSubsystemVersion,Subsystem,SizeOfImage,SizeOfHeaders,CheckSum,NumberOfRvaAndSizes,sections_mean_entropy,sections_min_entropy,sections_max_entropy,sections_mean_size,imports,imported_functions,label
0ec87a7f943ab72d08aeb957d33dd348ab7cf45052ab7a31bcce33ff7a095837.exe,1770234,23117,216,332,5,1632607066,271,13613,4194304,4096,512,4,4,2,1388544,1024,1815187,16,4.09045076424901,0.0,6.458398214928005,226918.4,7,165,1
e173dd358ec750f561ec4eec0c6d75e8709bc32fbe43a5e9a92dd0db96c82b58.exe,477736,23117,288,332,6,1676550685,258,132576,4194304,4096,512,5,5,2,548864,1024,0,16,5.392545814914979,3.3727625203175666,6.697107176948733,63914.666666666664,3,155,1
166aed80bc00d55893d777524235bc89680c8c8192762aff186eee89def0062e.exe,154112,23117,224,332,3,1581919122,259,110944,4194304,4096,512,5,5,2,172032,4096,0,16,5.906094443736317,4.591838773465698,6.76165102789238,51029.333333333336,14,216,1
7de7ce42cde20847749fa5bc4048cf5cacec8c2bf49169d7d262ea38630640ea.exe,160256,23117,128,332,6,1654941055,258,111727,4194304,4096,512,5,5,2,180224,1024,160366,16,5.820145136923945,2.7807255627049092,7.986719809913545,26538.666666666668,3,20,1
7ed131e9cf7d7f87b0c7e95e121025f35f526c927e8dda59196c9022870193b1.exe,1030656,23117,120,34404,12,1745159779,34,497512,5368709120,4096,512,6,6,2,1064960,2048,0,16,4.917366157604831,0.020393135236084953,7.9988401113508205,85717.33333333333,1,93,1
fa03e0cc4ce12a16be88b229d9dda6bef390697137318456206c4406a90a4eca.exe,627717,23117,120,34404,3,0,34,1200032,5368709120,4096,512,0,6,2,1785856,512,673898,16,2.6272433246140063,0.0,7.878896581454301,209068.33333333334,1,4,1
a35c3274a726b27cbcef5abe3f28d8f9675a30883490d37f23b4d730d72eca42.exe,150016,23117,128,332,6,1663111857,258,103535,4194304,4096,512,5,5,2,163840,1024,175410,16,5.987135304364124,3.0389614741824005,7.986048893658424,24832.0,3,25,1
33376f74c2f071ff30bab1c2d19d9361d16ebaa3dee73d3b595f6d789c15f620.exe,49152,23117,120,34404,3,0,34,1200032,5368709120,4096,512,0,6,2,1208320,512,0,16,2.6294873872883335,0.0,7.888462161865,16725.333333333332,0,0,1
b240b6861889734eee778d92bc1e2930e10570fe41d84a1a79cc518dc93f4e09.exe,288256,23117,232,332,5,1627284841,259,1028097,4194304,4096,512,5,5,2,1040384,1024,320708,16,5.405464449065493,0.0,7.996771277992935,57446.4,5,7,1
05f9891bb4ca2b87b476e3d3f415e329a547d3cb65741b908cd570eb96575767.exe,450048,23117,256,332,6,1712936252,290,12093,4194304,4096,512,6,6,2,462848,1024,472164,16,5.548991052849754,2.300178636703696,7.998913157677574,74837.33333333333,1,65,1
d12c35c8825aad5b09855a89102236774ca847a7559132c4e9d92aaf69772815.exe,149504,23117,128,332,6,1663111857,258,103535,4194304,4096,512,5,5,2,163840,1024,189289,16,5.972260066412982,3.0389614741824005,7.987197049439199,24746.666666666668,3,25,1
d5ea463e0719ee2d1705ff305cdd8529bd2ff23dde79c502c4f478937a91f874.exe,149504,23117,232,332,3,1599377372,259,93712,4194304,4096,512,5,5,2,167936,1024,160038,16,5.988601645009933,4.60351004998003,6.858699193362038,49493.333333333336,14,208,1
f734bc911b2662cc5fad02e4750911bfc9c150b14735c3a984ddade48c3eacd4.exe,145920,23117,128,332,5,1662686821,258,103535,4194304,4096,512,5,5,2,159744,1024,163507,16,6.666293913641232,3.5366359784052697,7.998194276002251,28979.2,3,24,1
f28599b06560617bccdfb56acc841f3e642ff51b9956632fcc4204f026711e23.exe,150267,23117,128,332,6,1662686821,258,103535,4194304,4096,512,5,5,2,163840,1024,197227,16,5.941681253932266,2.933736131095884,7.987062072368193,24832.0,3,24,1
5c5c5b25b51450a050f4b91cd2705c8242b0cfc1a0eaeb4149354dbb07979b83.exe,251392,23117,248,34404,5,1672054984,34,133204,5368709120,4096,512,5,5,2,274432,1024,0,16,5.355976674859176,4.894452796614439,6.4991037664342866,50073.6,3,71,1
1b109db549dd0bf64cadafec575b5895690760c7180a4edbf0c5296766162f18.exe,154112,23117,224,332,3,1581919122,259,110944,4194304,4096,512,5,5,2,172032,1024,187615,16,5.9680562571741484,4.586547186505758,6.952828055165812,51029.333333333336,14,216,1
0f178bc093b6b9d25924a85d9a7dde64592215599733e83e3bbc6df219564335.exe,154624,23117,224,332,3,1581874325,259,111456,4194304,4096,512,5,5,2,172032,1024,219152,16,5.985442077364875,4.62117383207635,6.97069277300512,51200.0,14,216,1
f6fbfa9fe38f69f8806d60072b7e8a9aceacf4a2b27095f7297f529ba986eab4.exe,1618290,23117,216,332,5,1632607066,271,13613,4194304,4096,512,4,4,2,442368,1024,1666215,16,4.188387547276902,0.0,6.458398214928005,37785.6,7,165,1
f53ac28e9b0ec8535333795ab9e0e52b17a77ad5eabc7b5172bd7e7aac41df12.exe,123392,23117,128,332,3,1718677458,34,128878,4194304,8192,512,4,6,3,147456,512,0,16,2.442118201705768,0.10191042566270775,3.641848653512765,40960.0,1,1,1
a8fe7e11f97a293db5fda072cc9e64a161c76ababd37754acce5ccd6dfa30d1c.exe,149504,23117,128,332,6,1663111857,258,103535,4194304,4096,512,5,5,2,163840,1024,184167,16,5.866006667379327,3.0389614741824005,7.986309594004296,24746.666666666668,3,25,1
4f76df691e2ea292b56812eb3167efcab655382d632048ff63781f5d41f86433.exe,191488,23117,120,332,4,0,258,4368,4194304,4096,512,0,6,2,831488,1024,205435,16,3.7889088710858805,1.230127239896604,6.3471764753050985,47616.0,5,43,1
44deff9f627fb57a5150b5ae96961a525958106fc8d13d7edbaf0f074dc3b8c0.exe,241152,23117,216,332,8,1583338167,259,30206,4194304,4096,512,5,5,2,77295616,1024,269675,16,2.575961545867234,0.0,7.908418217299651,30016.0,2,94,1
15a7d528587ffc860f038bb5be5e90b79060fbba5948766d9f8aa46381ccde8a.exe,54272,23117,224,332,3,1579796862,259,129488,4194304,4096,512,5,5,2,135168,4096,0,16,3.8220291464668534,0.0,7.924514889616753,17749.333333333332,14,17,1
74437ac6c9f630c52c7e230d57d38c4cbc3affb3bec9215f090a0e3dca8e9d78.exe,982528,23117,232,332,3,1627284841,259,786320,4194304,4096,512,5,5,2,1028096,1024,984234,16,5.836723496598338,4.126180505266328,6.7903423621859496,327168.0,5,11,1
1866b28b51045944df18e63c9a5989afe985e30ff1944db6544ca76b32235567.exe,159232,23117,128,332,5,1657794549,258,103535,4194304,4096,512,5,5,2,172032,1024,200428,16,6.666246706303253,3.4504545370703346,7.998287532424333,31641.6,3,23,1
8dd64e306731d5a21d7805c485d6312444be01e2a8dee0807f7f6c401669e685.exe,157184,23117,128,332,6,1663111857,258,103535,4194304,4096,512,5,5,2,172032,1024,177371,16,5.986751312550196,3.0389614741824005,7.9866283894156265,26026.666666666668,3,25,1
8d62edc1873f8a8b8415bb56d572786a96bd337eaafcf3dbd7666ba4442553fb.exe,982528,23117,232,332,3,1627284841,259,786320,4194304,4096,512,5,5,2,1028096,1024,984234,16,5.836786007282523,4.126180505266328,6.7905298942385075,327168.0,5,11,1
315d043b99f988ce9d9f69d7225292eb44623a97c1a029933b62ede699fa9f13.exe,149504,23117,128,332,6,1663111857,258,103535,4194304,4096,512,5,5,2,163840,1024,205786,16,5.961189748588922,3.0389614741824005,7.9871314811532015,24746.666666666668,3,25,1
0b856337d9d3255fc3b07635fdadecbe83e23eb5c205eccab83c21c2fb76edc9.exe,154112,23117,224,332,3,1581919122,259,110944,4194304,4096,512,5,5,2,172032,1024,187615,16,5.968375414072373,4.587504657200431,6.952828055165812,51029.333333333336,14,216,1
0a937d4fe8aa6cb947b95841c490d73e452a3cafcd92645afc353006786aba76.exe,154112,23117,224,332,3,1581919122,259,110944,4194304,4096,512,5,5,2,172032,1024,187615,16,5.9694233570895845,4.590648486252066,6.952828055165812,51029.333333333336,14,216,1
2c9bb93dc2c9f841e58db43ba7dedd490cf7e0fd9e66c4b56a888e25e93a510c.exe,156672,23117,128,332,6,1662686821,258,103535,4194304,4096,512,5,5,2,172032,1024,221183,16,5.9569665932106455,2.933736131095884,7.986363375296244,25941.333333333332,3,24,1
2b8fe787f921aadf028b8d5f4f09e66133f60d162b69afebdf6bc690b2a6d495.exe,982528,23117,232,332,3,1627284841,259,786320,4194304,4096,512,5,5,2,1028096,1024,984234,16,5.836648343418922,4.126180505266328,6.790116902647704,327168.0,5,11,1
771a06e3a1bdb42a7249d1c888e740c2bc46ba30b54490188c17f6c84ca96e26.exe,151552,23117,128,332,6,1663111857,258,103535,4194304,4096,512,5,5,2,167936,1024,167945,16,5.959054132060683,3.0389614741824005,7.986464358373988,25088.0,3,25,1
3a659609850664cbc0683c8c7b92be816254eb9306e7fb12ad79d5a9af0fb623.exe,4677632,23117,128,332,9,1663111857,258,6285799,4194304,4096,512,5,5,2,7385088,1024,4699311,16,1.5669637433879064,0.0,7.991223685321941,519623.1111111111,5,10,1
2ecf1fe02d8fb099b68e4d9bceeeadbe5fc8347f5a76d52f35ed48b516963735.exe,982528,23117,232,332,3,1627284841,259,786320,4194304,4096,512,5,5,2,1028096,1024,984234,16,5.8367552576171695,4.126180505266328,6.790437645242445,327168.0,5,11,1
5fddbc9fe214eafa3fce0cfa5aea3fc3283a62db82a7e86307a00cd345af57ee.exe,5659136,23117,128,332,8,1663111857,258,4020581,4194304,4096,512,5,5,2,9142272,1024,5713904,16,1.5163990211165292,0.0,7.961929969591836,707264.0,8,20,1
a5e6df754a4d3bb72f4d5c91d6b582e7e2c2f87ca838f5d976bc82384a5ad2d1.exe,163328,23117,128,332,6,1657794549,258,103535,4194304,4096,512,5,5,2,176128,1024,228749,16,5.953317078267692,2.968762169127684,7.987413592892291,27050.666666666668,3,23,1
3552dda80bd6875c1ed1273ca7562c9ace3de2f757266dae70f60bf204089a4a.exe,50688,23117,120,34404,3,0,34,1200032,5368709120,4096,512,0,6,2,1208320,512,0,16,3.0835681353729734,0.0,7.878790817037181,16725.333333333332,1,4,1
acfe3f344edfbd4f62f2e28ff96bb3c62b589ab895990ee2498a33280442c0b3.exe,151040,23117,128,332,6,1662686821,258,103535,4194304,4096,512,5,5,2,163840,4096,0,16,4.762228662443769,0.0,7.9870240573784335,25002.666666666668,3,24,1
a88e9c57e89817701d2651b556f76641e10a7fb54eb29cf9a466648b25fe6716.exe,346112,23117,224,332,4,1659650756,258,19654,4194304,4096,512,5,5,2,33832960,1024,407395,16,3.9944883369157154,0.8343954743660116,7.663698439649208,86272.0,5,110,1
7785a14e0b0a09fe2098bc31dae44ce3b3a70854d682316c1bf19b8637dd4056.exe,151040,23117,128,332,6,1662686821,258,103535,4194304,4096,512,5,5,2,163840,1024,190483,16,5.899541327138485,2.933736131095884,7.9867702069756294,25002.666666666668,3,24,1
ac123fae7b38fab3b9dfc3b28af23688d1ad1e66b659ab38e75ca334d7c91bf2.exe,982528,23117,232,332,3,1627284841,259,786320,4194304,4096,512,5,5,2,1028096,1024,984234,16,5.836731785604893,4.126180505266328,6.7903672292056125,327168.0,5,11,1
af93184558add5c5f7c3551e94f2fbecde5aeba5141be7d29f4577b67551a35a.exe,3246080,23117,128,34404,13,0,546,414912,4194304,4096,512,6,6,3,3637248,1536,0,16,5.877070518284496,1.1322734026925372,7.997285124888193,249580.3076923077,1,40,1
0d6524b9a1d709ecd9f19f75fa78d94096e039b3d4592d13e8dbddf99867182d.exe,982528,23117,232,332,3,1627284841,259,786320,4194304,4096,512,5,5,2,1028096,1024,984234,16,5.836704444609425,4.126180505266328,6.790285206219213,327168.0,5,11,1
95739e350d7f2aca2c609768ee72ad67fcf05efca5c7ad8df3027c82b9c454cf.exe,149504,23117,232,332,3,1599377372,259,93712,4194304,4096,512,5,5,2,167936,1024,160038,16,5.98542418112892,4.593977658336991,6.858699193362038,49493.333333333336,14,208,1
3dc6902dc87d976787bdf0878e7174ec526df613645d3f275e0216d05cf2d217.exe,617984,23117,272,34404,7,1728985292,34,314480,5368709120,4096,512,6,6,2,643072,1024,0,16,4.999023680084385,3.6276143237954654,6.5572640906414446,88137.14285714286,8,137,1
cea3e8a3e541ae4c928c3cd33f6772f1a69746393ac1a5c4575379a09a92d1e1.exe,151552,23117,224,332,3,1588139916,259,104512,4194304,4096,512,5,5,2,172032,1024,191225,16,5.976269392261181,4.594935129031665,6.993506573061028,50176.0,14,201,1
dc2f69fcc0ee9a810e269948a3c8ed0d157faaad98b9bec2becba6735a728fe2.exe,152064,23117,128,332,6,1663111857,258,103535,4194304,4096,512,5,5,2,167936,1024,153657,16,5.976874877961106,3.0389614741824005,7.986844731428154,25173.333333333332,3,25,1
0e66029132a885143b87b1e49e32663a52737bbff4ab96186e9e5e829aa2915f.exe,103936,23117,224,332,3,1579796862,259,63856,4194304,4096,512,5,5,2,122880,1024,110796,16,6.051289211529159,4.603116971729013,7.084564863732228,34304.0,14,205,1
105912c9995a1d718c5442349d2cc4bb99426f75ff34554cdfd9a7272eeca398.exe,150016,23117,128,332,6,1663111857,258,103535,4194304,4096,512,5,5,2,163840,1024,211050,16,5.994611002313735,3.0389614741824005,7.985857352147321,24832.0,3,25,1
166bba02413995aff28ffeb27d3bf3d5a5f6a6cd36893e252c7b9a22836f4980.exe,5333010,23117,128,34404,20,1724848785,38,5104,5368709120,4096,512,4,5,3,1736704,1536,4400054,16,4.020982163145456,0.0,6.174791606048072,83712.0,4,157,1
411b8cd39606bbe551627f1868bb4ace1f9fcb5387b6a58b9bb7f31c50109e10.exe,1593708,23117,216,332,5,1632607066,271,13613,4194304,4096,512,4,4,2,364544,1024,1640096,16,4.235630266517143,0.0,6.458398214928005,21913.6,7,165,1
0dd36a058705717a7d84622f9745b85277c37a07ad830a6648a01ef6e679324a.exe,357888,23117,240,332,5,1685633391,259,7501,4194304,4096,512,5,5,2,393216,1024,400900,16,4.151505812028647,0.0,7.481446363490086,71372.8,2,122,1
1ef9b4f6b4eb3db7eedf738a78ad15db798d397648b5064990c0a01c0da8a125.exe,154112,23117,224,332,3,1581919122,259,110944,4194304,4096,512,5,5,2,172032,1024,187615,16,5.9971893252345625,4.673946390687002,6.952828055165812,51029.333333333336,14,216,1
77e35c838eb486adfc29d8fb8ed1752acbea1258b85354a88057fa6120d62d0d.exe,172032,23117,224,332,3,1581919122,259,110944,4194304,4096,512,5,5,2,172032,1024,187615,16,4.430819979148522,0.32593233384855236,6.616350291507183,55978.666666666664,14,216,1
f9b9d45339db9164a3861bf61758b7f41e6bcfb5bc93404e296e2918e52ccc10.exe,166400,23117,128,332,5,1655622643,258,111727,4194304,4096,512,5,5,2,180224,1024,191873,16,6.707526347820298,3.7136703901193284,7.9982759185194485,33075.2,3,25,1
21e51ee7ba87cd60f692628292e221c17286df1c39e36410e7a0ae77df0f6b4b.exe,50688,23117,120,34404,3,0,34,1200032,5368709120,4096,512,0,6,2,1208320,512,0,16,3.0835681353729734,0.0,7.878790817037181,16725.333333333332,1,4,1
0ace4e1158ab5b7723493f39d6949309e00e4a71804f0b09e33d5d48a28cb061.exe,991232,23117,120,34404,3,0,34,1200032,140702418468864,4096,512,0,6,2,1208320,512,0,16,1.861236480325091,1.6038327605259324,2.083389297356379,330240.0,0,0,1
8d864c11c820e6d85a14c4041798e4c0c6c03ca3d21a3d68a141b2425f82263f.exe,144896,23117,128,332,5,1662686821,258,103535,4194304,4096,512,5,5,2,159744,1024,152171,16,6.66054936395187,3.5366359784052697,7.998057389238389,28774.4,3,24,1
442f78f823663cea5da451a9710ece34dbbb29d61985381e6393f6ea1219466b.exe,155648,23117,128,332,6,1663111857,258,103535,4194304,4096,512,5,5,2,172032,1024,181663,16,5.9807326715428095,3.0389614741824005,7.986971920991994,25770.666666666668,3,25,1
fdc4ac20e22968088ef1dc27dc4b3746fd2b827d45899ed45c8eec3d14a4defe.exe,35328,23117,208,34404,7,1625151480,34,15876,5368709120,4096,512,6,6,2,57344,1024,62795,16,3.828164201231394,0.08153941234324169,7.693310687357065,4900.571428571428,3,44,1
48e2033a286775c3419bea8702a717de0b2aaf1e737ef0e6b3bf31ef6ae00eb5.exe,61952,23117,120,332,3,0,258,821776,4194304,4096,512,0,6,2,827392,512,0,16,3.7428984106666428,0.0,7.882741953052352,20480.0,5,8,1
0b02c55fbb40d7757b5808efe3fd1343f943bcefb92e0009689f4995e3eb26c0.exe,10485760,23117,128,332,9,1657794549,258,6938712,8257536,4096,512,5,5,2,10485760,1024,3716775,16,5.2478053901508375,0.0,7.949526250497536,411989.3333333333,0,0,1
1c2a51daa50a0489a8734d3577b43bcaf78f32ab34a404d2f6026af5ed33cd5b.exe,163328,23117,128,332,6,1657794549,258,103535,4194304,4096,512,5,5,2,176128,1024,216253,16,5.953576126724241,2.968762169127684,7.988387548464032,27050.666666666668,3,23,1
67ac04c1b7526288194e53da33cc0e9661687fd4fbbf12156e5ef6dd2a4108eb.exe,302080,23117,240,332,3,1698257213,259,18850,4194304,4096,512,5,5,2,327680,1024,338323,16,4.804884822712065,0.9770416705749106,7.78916692221333,100352.0,1,98,1
8022060ef633e157518037122a6003813cc0a3066d456a1164275a211efc8f5c.exe,565760,23117,224,332,3,1662236140,259,36039,4194304,4096,512,5,5,2,3194880,1024,627646,16,6.25549917677247,4.375106282934145,7.988194406871897,188245.33333333334,2,120,1
9a007e70a934bc617f93d4c2ea08f2b7c6238562529bc90d89c990bd7d2983c4.exe,1019904,23117,120,34404,12,1745244509,34,486584,5368709120,4096,512,6,6,2,1052672,2048,0,16,4.910355494924675,0.020393135236084953,7.9988401113508205,84821.33333333333,1,93,1
ca57455fd148754bf443a2c8b06dc2a295f014b071e3990dd99916250d21bc75.exe,559104,23117,128,332,3,1582180046,258,564678,4194304,8192,512,4,4,2,581632,512,0,16,2.744892688564995,0.10191042566270775,4.06875072400445,186197.33333333334,1,1,1
DataStoreCacheDumpTool.exe,200704,23117,256,34404,7,61299180,34,116352,5368709120,4096,4096,10,10,3,200704,4096,240139,16,2.5805472302194437,0.043783225059863595,6.236501459074588,28086.85714285714,36,158,0
CompPkgSrv.exe,147456,23117,248,34404,7,4200000968,34,5360,5368709120,4096,4096,10,10,2,151552,4096,156597,16,2.933971054797761,0.3372206334620105,6.3444567666198965,20480.0,23,102,0
dcomcnfg.exe,28672,23117,240,34404,6,2853178507,34,4896,5368709120,4096,4096,10,10,2,28672,4096,43408,16,2.0858606040220606,0.04873065242961223,5.3677204809806245,4096.0,4,38,0
ApplicationFrameHost.exe,96536,23117,248,34404,8,20431242,34,7184,5368709120,4096,4096,10,10,2,90112,4096,107661,16,2.2824820782406223,0.0,5.9225210496258605,10240.0,22,99,0
dasHost.exe,151552,23117,240,34404,6,1765305075,34,5168,5368709120,4096,4096,10,10,3,151552,4096,190326,16,3.5242334788129015,0.5165746419497352,6.295368448697035,24576.0,30,149,0
CheckNetIsolation.exe,53248,23117,248,34404,7,3286959542,34,4896,5368709120,4096,4096,10,10,3,53248,4096,93971,16,1.9186716416772183,0.16881552318381815,5.754399407341844,7021.714285714285,19,72,0
appidtel.exe,45056,23117,240,34404,6,3803514972,34,5712,5368709120,4096,4096,10,10,3,45056,4096,108597,16,2.064938537316283,0.39225857550485055,4.768584095283148,6826.666666666667,4,59,0
CloudNotifications.exe,108920,23117,240,34404,8,69221155,34,8464,5368709120,4096,4096,10,10,2,102400,4096,122651,16,2.531938928397787,0.0,6.116735844347345,11776.0,22,130,0
chkntfs.exe,40960,23117,232,34404,6,379696922,34,4896,5368709120,4096,4096,10,10,3,40960,4096,94539,16,2.3173706748850287,0.04873065242961223,5.529230949693712,6144.0,7,110,0
ARP.EXE,45056,23117,240,34404,6,4228028784,34,4896,5368709120,4096,4096,10,10,3,45056,4096,70866,16,2.093321362654151,0.11282277483477143,5.571517186651932,6826.666666666667,18,70,0
dccw.exe,122880,23117,248,34404,6,635723333,34,5456,5368709120,4096,4096,10,10,2,122880,4096,186155,16,3.627493527011733,1.1600970199043124,6.074192297671818,19797.333333333332,13,233,0
bcdedit.exe,501248,23117,248,34404,8,2730190717,34,191952,5368709120,4096,4096,10,6,3,491520,4096,514081,16,3.340355954491518,0.23627917175980262,6.27676257116367,60928.0,23,225,0
cipher.exe,73728,23117,232,34404,7,2776785071,34,4896,5368709120,4096,4096,10,10,3,81920,4096,83894,16,2.0759187549878746,0.05152294375387198,5.933490627538051,9947.42857142857,11,151,0
deploymentcsphelper.exe,57344,23117,224,34404,5,2276118023,34,21888,5368709120,4096,4096,10,10,2,57344,4096,72760,16,2.4347473894781775,0.3947952843733962,5.496568055650125,10649.6,11,86,0
cmdl32.exe,73728,23117,224,34404,6,3765820632,34,4432,5368709120,4096,4096,10,10,2,73728,4096,78884,16,2.6265906842457762,0.15519998499545873,5.930098558564235,11605.333333333334,10,150,0
cmdkey.exe,45056,23117,240,34404,7,3085088511,34,4896,5368709120,4096,4096,10,10,3,49152,4096,105114,16,1.7153415474230262,0.013126943721219527,5.088480039125546,5851.428571428572,20,59,0
bootim.exe,49152,23117,232,34404,6,1255386987,34,5312,5368709120,4096,4096,10,10,2,49152,4096,112156,16,2.3951495850983204,0.06885846192737685,5.61875704413718,7509.333333333333,22,76,0
cliconfg.exe,49152,23117,232,34404,6,3264427454,34,4432,5368709120,4096,4096,10,10,2,49152,4096,65171,16,2.3778979686170523,0.11159262080862159,5.552195458780551,7509.333333333333,3,48,0
CertEnrollCtrl.exe,65536,23117,240,34404,6,2905531709,34,5232,5368709120,4096,4096,10,10,2,65536,4096,70879,16,2.4211125138876315,0.4607797307067197,5.712173080862563,10240.0,26,132,0
convert.exe,40960,23117,240,34404,6,3313052561,34,5712,5368709120,4096,4096,10,10,3,40960,4096,95462,16,2.1748745368120144,0.04873065242961223,5.580805784871342,6144.0,6,90,0
cttune.exe,114688,23117,232,34404,6,2032055671,34,4816,5368709120,4096,4096,10,10,2,114688,4096,177106,16,3.0979215501381723,0.28311032516039875,6.128479420179951,18432.0,23,192,0
certreq.exe,491520,23117,248,34404,7,1773294805,34,5680,5368709120,4096,4096,10,6,3,495616,4096,518247,16,4.096899521584283,0.3565205119669862,6.3599023979857465,69632.0,54,398,0
CastSrv.exe,92304,23117,240,34404,8,1294110762,34,5152,5368709120,4096,4096,10,10,2,86016,4096,130777,16,2.1701285338797147,0.0,6.024771991073662,9728.0,28,81,0
choice.exe,53248,23117,240,34404,6,3353398384,34,4896,5368709120,4096,4096,10,10,3,53248,4096,112222,16,2.2682041133555577,0.04873065242961223,6.0631996817286975,8192.0,7,86,0
ctfmon.exe,28672,23117,232,34404,6,4105763657,34,4432,5368709120,4096,4096,10,10,2,28672,4096,83182,16,1.814602406546216,0.04873065242961223,4.282865219479805,4096.0,4,34,0
AuthHost.exe,158400,23117,248,34404,8,3144442777,34,5584,5368709120,4096,4096,10,10,2,151552,4096,191007,16,2.8220031638755634,0.0,6.175983478296771,17920.0,30,113,0
auditpol.exe,57344,23117,232,34404,6,3749010974,34,7392,5368709120,4096,4096,10,10,3,61440,4096,93719,16,2.7703586470391124,1.2501645010243359,5.673341096626159,8874.666666666666,22,112,0
colorcpl.exe,106496,23117,224,34404,6,3852163367,34,5072,5368709120,4096,4096,10,10,2,106496,4096,108703,16,2.517669433212381,0.04873065242961223,7.27247723072691,17066.666666666668,3,31,0
bitsadmin.exe,237568,23117,248,34404,7,3543717629,34,12688,5368709120,4096,4096,10,10,3,323584,4096,261643,16,2.714020091737774,0.10564427594343788,6.214042341798088,33353.142857142855,21,156,0
bdeunlock.exe,319552,23117,248,34404,7,189423421,34,5360,5368709120,4096,4096,10,10,2,311296,4096,335633,16,3.461069939859409,0.0,7.084958544782173,43300.57142857143,16,167,0
cmmon32.exe,65536,23117,232,34404,6,330466983,34,4432,5368709120,4096,4096,10,6,2,65536,4096,119398,16,2.3818513928335623,0.05855413975753542,5.7732611760109265,10240.0,5,131,0
charmap.exe,217088,23117,232,34404,6,3451978508,34,7632,5368709120,4096,4096,10,10,2,352256,4096,241533,16,3.7381299849540963,0.3085114401147956,6.938560802670168,35498.666666666664,15,251,0
BackgroundTransferHost.exe,61440,23117,240,34404,6,1985198219,34,5088,5368709120,4096,4096,10,10,2,61440,4096,100112,16,2.2175215350547055,0.08648854370793206,4.881629523573893,9557.333333333334,13,49,0
cleanmgr.exe,323584,23117,240,34404,7,539411007,34,10720,5368709120,4096,4096,10,10,2,323584,4096,369716,16,2.9009037994355142,0.024787666486084957,6.027670309326584,45641.142857142855,37,190,0
attrib.exe,40960,23117,240,34404,6,3993349213,34,5072,5368709120,4096,4096,10,10,3,40960,4096,98243,16,2.2169056678516927,0.04873065242961223,5.5828363101866145,6144.0,11,99,0
ddodiag.exe,69632,23117,232,34404,6,2363728507,34,9664,5368709120,4096,4096,10,10,2,69632,4096,99698,16,2.4561064125203917,0.6205367911638443,5.3331925604170864,10922.666666666666,4,51,0
browser_broker.exe,66944,23117,232,34404,7,1975347910,34,8544,5368709120,4096,4096,10,10,2,61440,4096,78933,16,2.536213748608359,0.0,5.900159513912068,7606.857142857143,26,95,0
CiTool.exe,316856,23117,248,34404,6,4148736306,34,196880,5368709120,4096,4096,10,10,3,311296,4096,374425,16,4.193818868551106,2.2945118261189723,6.314956208231907,50517.333333333336,11,176,0
credwiz.exe,106496,23117,248,34404,6,388492014,34,7776,5368709120,4096,4096,10,10,2,110592,4096,152994,16,2.975015158602781,0.11603657988657393,5.949976035558056,17066.666666666668,20,163,0
certutil.exe,1536000,23117,248,34404,7,1391751322,34,15600,5368709120,4096,4096,10,10,3,1548288,4096,1593399,16,3.929436132907821,0.7510224096396699,6.39782799917725,218843.42857142858,24,728,0
CloudExperienceHostBroker.exe,95600,23117,240,34404,6,1078194719,34,7664,5368709120,4096,4096,10,10,2,86016,4096,150607,16,2.8455288196747315,0.5001964412266887,6.034890585571558,13653.333333333334,22,118,0
CredentialUIBroker.exe,199824,23117,232,34404,8,1943930623,34,14256,5368709120,4096,4096,10,10,2,192512,4096,260380,16,2.7518282869845936,0.0,6.165984015064895,23040.0,21,183,0
ClipUp.exe,1133656,23117,232,34404,7,1056480660,34,7696,5368709120,4096,4096,10,10,3,1118208,4096,1183875,16,4.16326400754322,0.05664757184716293,7.50331910050939,158573.7142857143,42,251,0
ByteCodeGenerator.exe,110592,23117,248,34404,6,2283268215,34,7312,5368709120,4096,4096,10,10,3,110592,4096,111675,16,3.1578493365419713,0.5504126998387473,6.233456011237483,17749.333333333332,32,166,0
desktopimgdownldr.exe,176128,23117,240,34404,7,1597837093,34,116064,5368709120,4096,4096,10,10,3,176128,4096,201166,16,2.451528086426158,0.015920183265625623,6.3299422015148075,24576.0,38,145,0
comp.exe,45056,23117,240,34404,6,4201852553,34,4896,5368709120,4096,4096,10,10,3,45056,4096,73601,16,2.284969903854131,0.04873065242961223,5.698205791187818,6826.666666666667,4,116,0
control.exe,135168,23117,248,34404,6,2629848455,34,5904,5368709120,4096,4096,10,10,2,135168,4096,175659,16,2.863300921461338,0.04873065242961223,6.825230677572981,21845.333333333332,13,50,0
ComputerDefaults.exe,69632,23117,232,34404,6,4139269254,34,5312,5368709120,4096,4096,10,10,2,69632,4096,115874,16,2.7865020739839963,0.06885846192737685,6.057758907871618,10922.666666666666,9,57,0
clip.exe,53248,23117,232,34404,6,2541993228,34,4896,5368709120,4096,4096,10,10,3,53248,4096,84261,16,2.177860732086233,0.04873065242961223,5.549227353713984,8192.0,8,85,0
cmstp.exe,122880,23117,232,34404,6,1819285804,34,4432,5368709120,4096,4096,10,6,2,122880,4096,144760,16,2.873734708532565,0.2409571144700911,5.868599237828792,19797.333333333332,8,129,0
consent.exe,230816,23117,232,34404,8,751653668,34,28960,5368709120,4096,4096,10,10,2,221184,4096,263412,16,2.529331382493119,0.13939641275793588,6.080721920723665,27136.0,45,273,0
agentactivationruntimestarter.exe,36864,23117,240,34404,6,1160330600,34,6832,5368709120,4096,4096,10,10,2,36864,4096,40438,16,1.6226127785997235,0.08775025248755244,4.428523291829418,5461.333333333333,12,48,0
at.exe,45056,23117,232,34404,6,844818264,34,4896,5368709120,4096,4096,10,10,3,53248,4096,54929,16,2.6064873940842483,0.503199325324902,6.126689125088928,6826.666666666667,21,83,0
DeviceCensus.exe,165280,23117,232,34404,7,3140035392,34,87680,5368709120,4096,4096,10,10,2,155648,4096,213655,16,2.7282665128131804,0.04311064510328071,6.163988528220245,21650.285714285714,33,192,0
CustomInstallExec.exe,159744,23117,256,34404,7,2660388293,34,11264,5368709120,4096,4096,10,10,2,159744,4096,222100,16,3.197376951518366,0.23799391293469535,6.0806476352575025,22235.428571428572,35,134,0
BitLockerDeviceEncryption.exe,184320,23117,248,34404,7,1751212981,34,5488,5368709120,4096,4096,10,10,2,184320,4096,193815,16,3.0941557801133155,0.05799903829083721,6.332853534271097,25746.285714285714,18,152,0
browserexport.exe,155648,23117,248,34404,6,175227709,34,8864,5368709120,4096,4096,10,10,2,155648,4096,221043,16,2.9214977523412724,0.7410968217196601,6.109603499608665,25258.666666666668,35,238,0
coredpussvr.exe,77824,23117,248,34404,7,1927258529,34,34256,5368709120,4096,4096,10,10,2,77824,4096,127100,16,2.1721700083383544,0.013126943721219527,6.129452047829386,10532.57142857143,24,112,0
CredentialEnrollmentManager.exe,431192,23117,248,34404,7,3670009539,34,16368,5368709120,4096,4096,10,10,2,421888,4096,449017,16,3.2341658368650203,0.4192296563895677,6.2379189681641,59099.42857142857,55,270,0
CIDiag.exe,61440,23117,248,34404,6,1348765860,34,5664,5368709120,4096,4096,10,10,3,61440,4096,112340,16,2.1750607355435085,0.39332022480797474,5.5956856992822415,9557.333333333334,17,76,0
bridgeunattend.exe,45056,23117,240,34404,6,1580478008,34,7456,5368709120,4096,4096,10,10,3,45056,4096,95366,16,2.339635500196122,0.3911004220291399,5.212430295446048,6826.666666666667,4,61,0
compact.exe,69632,23117,232,34404,6,442314504,34,4896,5368709120,4096,4096,10,10,3,86016,4096,87768,16,2.3521175715234732,0.24498212649245107,6.065947609728227,10922.666666666666,20,113,0
BdeUISrv.exe,77824,23117,248,34404,6,1048170760,34,5680,5368709120,4096,4096,10,10,2,77824,4096,94014,16,2.7423290112045033,0.2692230605956375,5.9896625759699695,12288.0,10,150,0
AppInstallerBackgroundUpdate.exe,62880,23117,224,34404,5,2328613824,34,20880,5368709120,4096,4096,10,10,2,53248,4096,119968,16,2.273074633641578,0.20074533222140092,5.64055508650836,9830.4,17,74,0
cmd.exe,364544,23117,248,34404,7,3258205449,34,132688,5368709120,4096,4096,10,10,3,479232,4096,386489,16,3.21894131753585,0.2167645588551229,6.340982851873219,51492.57142857143,43,283,0
CompMgmtLauncher.exe,114688,23117,240,34404,7,3122541669,34,5328,5368709120,4096,4096,10,10,2,122880,4096,169265,16,2.9465388127099033,0.015920183265625623,6.1632175463357095,15798.857142857143,4,70,0
changepk.exe,125488,23117,248,34404,7,1932275570,34,23536,5368709120,4096,4096,10,10,2,118784,4096,138005,16,2.333414849294134,0.0,6.04723129479875,15798.857142857143,15,80,0
CompatTelRunner.exe,353848,23117,240,34404,7,509200300,34,226640,5368709120,4096,4096,10,10,3,348160,4096,372720,16,2.821709190954708,0.045248068809863595,6.29712584220724,48566.857142857145,50,304,0
appidcertstorecheck.exe,77824,23117,240,34404,7,45744736,34,5456,5368709120,4096,4096,10,10,3,77824,4096,96851,16,2.2844142630993667,0.07847761990101473,6.114230844248078,10532.57142857143,23,103,0
cacls.exe,57344,23117,240,34404,6,3203082833,34,4976,5368709120,4096,4096,10,10,3,57344,4096,73999,16,2.173111163966666,0.04873065242961223,5.621821204038136,8874.666666666666,23,96,0
curl.exe,700472,23117,256,34404,6,1739554622,34,18288,5368709120,4096,512,6,6,3,708608,1024,747156,16,5.071890640201183,2.9283534472635773,6.413146126780943,114858.66666666667,40,229,0
AggregatorHost.exe,348160,23117,256,34404,7,4093131093,34,230224,5368709120,4096,4096,10,10,3,352256,4096,357601,16,3.3646706178021555,0.3095174738608077,6.340990723861211,49152.0,39,191,0
AtBroker.exe,139264,23117,240,34404,7,2472728735,34,7664,5368709120,4096,4096,10,10,2,143360,4096,199806,16,2.7361325437409394,0.013126943721219527,6.244745082468451,19309.714285714286,8,169,0
BioIso.exe,666784,23117,256,34404,11,953081337,34,11536,5368709120,4096,4096,10,10,2,655360,4096,723633,16,3.473396317208257,0.0,6.679876930254076,58833.454545454544,30,155,0
aitstatic.exe,3249704,23117,240,34404,7,3423581065,34,152384,5368709120,4096,4096,10,6,3,3244032,4096,3294880,16,4.813144240334139,0.07235675624476175,7.735443083335485,462262.85714285716,7,186,0
backgroundTaskHost.exe,42352,23117,248,34404,7,4622274,34,4896,5368709120,4096,4096,10,10,2,32768,4096,61185,16,1.7322873928322544,0.0474323950472891,5.007756314895212,4096.0,10,30,0
alg.exe,110592,23117,232,34404,7,1037788547,34,6144,5368709120,4096,4096,10,10,2,110592,4096,164052,16,3.2424932330305336,0.29963969708829635,6.130007070319373,15213.714285714286,24,112,0
appidpolicyconverter.exe,155648,23117,232,34404,7,119826914,34,6384,5368709120,4096,4096,10,10,3,155648,4096,194498,16,2.988916626077464,0.08926291625520452,6.06399071172834,21650.285714285714,30,143,0
cttunesvr.exe,65536,23117,232,34404,6,1066833745,34,5680,5368709120,4096,4096,10,6,2,65536,4096,115964,16,2.6369580612032135,0.20130836998265747,5.771308778934623,10240.0,6,98,0
convertvhd.exe,239032,23117,248,34404,6,1031560830,34,5968,5368709120,4096,4096,10,10,2,266240,4096,261040,16,2.912274302762219,0.5727846512397556,6.191570234690704,37546.666666666664,27,152,0
cofire.exe,40960,23117,232,34404,6,4287831405,34,4896,5368709120,4096,4096,10,10,3,40960,4096,68837,16,2.3967997995431056,0.11112872077691013,5.824351039097509,6144.0,8,76,0
AxInstUI.exe,81920,23117,240,34404,6,3844953750,34,5072,5368709120,4096,4096,10,10,2,81920,4096,134934,16,2.164324875874484,0.04873065242961223,5.688906613260305,12970.666666666666,14,50,0
BitLockerWizardElev.exe,122880,23117,240,34404,6,608015499,34,4432,5368709120,4096,4096,10,10,2,122880,4096,159142,16,2.6980745449765404,0.04873065242961223,6.977512861242405,19797.333333333332,5,44,0
csrss.exe,38616,23117,224,34404,6,1287561433,34,4112,5368709120,4096,4096,10,10,1,28672,4096,40044,16,1.4355152657129733,0.045449993547959075,3.4422225021206505,4096.0,2,16,0
cscript.exe,192512,23117,256,34404,6,1347478663,34,12800,5368709120,4096,4096,10,10,3,192512,4096,230596,16,3.630911152045492,0.4150619102992599,6.236039495210282,31402.666666666668,7,206,0
bootsect.exe,107872,23117,232,34404,6,1709396223,34,31872,5368709120,4096,4096,10,6,3,106496,4096,126693,16,3.2805437652295715,0.4458379080220921,5.76451975150529,15701.333333333334,19,110,0
ApplyTrustOffline.exe,1216320,23117,248,34404,7,192807355,34,35248,5368709120,4096,4096,10,10,3,1204224,4096,1261343,16,3.2803777198597848,0.22927610596013812,6.72563763753939,170276.57142857142,53,347,0
ClipRenew.exe,247224,23117,248,34404,8,2770041436,34,181136,5368709120,4096,4096,10,10,2,241664,4096,301030,16,2.427224261324743,0.04775408992961223,6.334284712501223,29184.0,24,103,0
autochk.exe,1052672,23117,224,34404,6,3875459908,34,37616,5368709120,4096,4096,10,10,1,1056768,4096,1108283,16,4.464736587237685,2.5906300089753103,6.4215711127845125,174762.66666666666,2,171,0
conhost.exe,1044480,23117,256,34404,7,2443556752,34,110176,5368709120,4096,4096,10,10,2,1060864,4096,1067862,16,4.475303915273806,1.5573452392686165,6.394119253140259,148626.2857142857,45,321,0
bthudtask.exe,65536,23117,224,34404,7,694614075,34,4896,5368709120,4096,4096,10,10,3,65536,4096,68252,16,1.587485328822757,0.03656669453387007,3.988258499907847,8777.142857142857,5,46,0
DataExchangeHost.exe,271800,23117,240,34404,8,2794707467,34,13552,5368709120,4096,4096,10,10,2,270336,4096,315580,16,3.0864242994024873,0.0,6.262730093668612,32256.0,59,308,0
bcdboot.exe,262144,23117,240,34404,6,1138662177,34,153200,5368709120,4096,4096,10,6,3,262144,4096,303458,16,3.301460856538839,0.27769688135663945,6.201555867506516,43008.0,10,240,0
Defrag.exe,245760,23117,232,34404,7,2259574453,34,6928,5368709120,4096,4096,10,10,3,245760,4096,305893,16,3.143212658052234,0.13011764057392117,7.513445303398752,34523.42857142857,38,162,0
AppHostRegistrationVerifier.exe,143360,23117,256,34404,7,712012845,34,8432,5368709120,4096,4096,10,10,2,143360,4096,189659,16,2.6020817411158705,0.013126943721219527,5.95934884909096,19894.85714285714,36,198,0
chkdsk.exe,49152,23117,232,34404,6,1151384422,34,5520,5368709120,4096,4096,10,10,3,49152,4096,65413,16,1.975794592970648,0.04873065242961223,5.158697917619738,7509.333333333333,12,106,0
audiodg.exe,935336,23117,240,34404,11,2914340629,34,163264,5368709120,4096,4096,10,10,2,925696,4096,964971,16,2.9165083338687525,0.0,6.377070414807574,83037.09090909091,48,298,0
CameraSettingsUIHost.exe,59240,23117,256,34404,7,1814292377,34,5040,5368709120,4096,4096,10,10,2,53248,4096,116021,16,2.032316345252522,0.0,5.732510610043894,6436.571428571428,13,89,0
ApproveChildRequest.exe,253952,23117,248,34404,6,3757058279,34,83920,5368709120,4096,4096,10,10,2,253952,4096,313633,16,4.478680116824951,1.8251733845502665,7.291377786597785,41642.666666666664,22,158,0
calc.exe,45056,23117,248,34404,6,2074166586,34,5968,5368709120,4096,4096,10,10,2,45056,4096,58729,16,2.034474690316056,0.06136414342070118,5.052827597120616,6826.666666666667,7,33,0
